{"cameraMode":{"drawMode":0,"name":"Shaded","section":"Shading Mode"},"sceneLighting":true,"audioPlay":false,"sceneViewState":{"m_AlwaysRefresh":false,"showFog":true,"showSkybox":true,"showFlares":true,"showImageEffects":true,"showParticleSystems":true,"showVisualEffectGraphs":true,"m_FxEnabled":true},"in2DMode":false,"pivot":{"x":25.516639709472658,"y":4.593438625335693,"z":5.533206939697266},"rotation":{"x":0.03086443804204464,"y":-0.04346529394388199,"z":0.0013357361312955618,"w":0.998587965965271},"size":31.548337936401368,"orthographic":true}