{"cameraMode":{"drawMode":0,"name":"Shaded","section":"Shading Mode"},"sceneLighting":true,"audioPlay":false,"sceneViewState":{"m_AlwaysRefresh":false,"showFog":true,"showSkybox":true,"showFlares":true,"showImageEffects":true,"showParticleSystems":true,"showVisualEffectGraphs":true,"m_FxEnabled":true},"in2DMode":false,"pivot":{"x":179.307861328125,"y":586.3218994140625,"z":-257.02374267578127},"rotation":{"x":0.033849433064460757,"y":-0.05094994977116585,"z":0.0016925991512835026,"w":0.9981545805931091},"size":828.166748046875,"orthographic":true}