{"cameraMode":{"drawMode":0,"name":"Shaded","section":"Shading Mode"},"sceneLighting":true,"audioPlay":false,"sceneViewState":{"m_AlwaysRefresh":false,"showFog":true,"showSkybox":true,"showFlares":true,"showImageEffects":true,"showParticleSystems":true,"showVisualEffectGraphs":true,"m_FxEnabled":true},"in2DMode":false,"pivot":{"x":19.85070037841797,"y":-24.99789810180664,"z":32.23026657104492},"rotation":{"x":0.35454413294792178,"y":0.09736115485429764,"z":-0.037153083831071857,"w":0.9292243123054504},"size":36.87691879272461,"orthographic":false}