{"cameraMode":{"drawMode":0,"name":"Shaded","section":"Shading Mode"},"sceneLighting":true,"audioPlay":false,"sceneViewState":{"m_AlwaysRefresh":false,"showFog":true,"showSkybox":true,"showFlares":true,"showImageEffects":true,"showParticleSystems":true,"showVisualEffectGraphs":true,"m_FxEnabled":true},"in2DMode":false,"pivot":{"x":47.47759246826172,"y":11.761479377746582,"z":-10.511383056640625},"rotation":{"x":0.0014980632113292814,"y":0.0434880368411541,"z":-0.00007940483919810504,"w":0.9990699887275696},"size":17.67841911315918,"orthographic":true}