{"cameraMode":{"drawMode":0,"name":"Shaded","section":"Shading Mode"},"sceneLighting":true,"audioPlay":false,"sceneViewState":{"m_AlwaysRefresh":false,"showFog":true,"showSkybox":true,"showFlares":true,"showImageEffects":true,"showParticleSystems":true,"showVisualEffectGraphs":true,"m_FxEnabled":true},"in2DMode":false,"pivot":{"x":4.860782146453857,"y":4.928682804107666,"z":0.5457613468170166},"rotation":{"x":0.684509813785553,"y":0.0010921264765784145,"z":-0.0010291828075423837,"w":0.7290512919425964},"size":3.9313724040985109,"orthographic":true}