{"cameraMode":{"drawMode":0,"name":"Shaded","section":"Shading Mode"},"sceneLighting":true,"audioPlay":false,"sceneViewState":{"m_AlwaysRefresh":false,"showFog":true,"showSkybox":true,"showFlares":true,"showImageEffects":true,"showParticleSystems":true,"showVisualEffectGraphs":true,"m_FxEnabled":true},"in2DMode":false,"pivot":{"x":6.419599533081055,"y":8.625508308410645,"z":1.156165361404419},"rotation":{"x":0.25705039501190188,"y":-0.0550510510802269,"z":0.014657729305326939,"w":0.9647284150123596},"size":10.424881935119629,"orthographic":true}