{"cameraMode":{"drawMode":0,"name":"Shaded","section":"Shading Mode"},"sceneLighting":true,"audioPlay":false,"sceneViewState":{"m_AlwaysRefresh":false,"showFog":true,"showSkybox":true,"showFlares":true,"showImageEffects":true,"showParticleSystems":true,"showVisualEffectGraphs":true,"m_FxEnabled":true},"in2DMode":false,"pivot":{"x":13.516166687011719,"y":5.4392194747924809,"z":-2.725996971130371},"rotation":{"x":-0.06657959520816803,"y":0.15974175930023194,"z":-0.010801892727613449,"w":-0.9848670959472656},"size":8.86657428741455,"orthographic":true}