{"cameraMode":{"drawMode":0,"name":"Shaded","section":"Shading Mode"},"sceneLighting":true,"audioPlay":false,"sceneViewState":{"m_AlwaysRefresh":false,"showFog":true,"showSkybox":true,"showFlares":true,"showImageEffects":true,"showParticleSystems":true,"showVisualEffectGraphs":true,"m_FxEnabled":true},"in2DMode":false,"pivot":{"x":5.0374836921691898,"y":2.6390089988708498,"z":-1.8057458400726319},"rotation":{"x":0.1029268205165863,"y":-0.086427703499794,"z":0.008964735083281994,"w":0.9909048080444336},"size":2.731644630432129,"orthographic":true}