{"cameraMode":{"drawMode":0,"name":"Shaded","section":"Shading Mode"},"sceneLighting":true,"audioPlay":false,"sceneViewState":{"m_AlwaysRefresh":false,"showFog":true,"showSkybox":true,"showFlares":true,"showImageEffects":true,"showParticleSystems":true,"showVisualEffectGraphs":true,"m_FxEnabled":true},"in2DMode":false,"pivot":{"x":6.370393753051758,"y":7.949457168579102,"z":-1.8480510711669922},"rotation":{"x":0.5216735601425171,"y":0.08668991923332215,"z":-0.053414132446050647,"w":0.8470677137374878},"size":8.337714195251465,"orthographic":true}