{"cameraMode":{"drawMode":0,"name":"Shaded","section":"Shading Mode"},"sceneLighting":true,"audioPlay":false,"sceneViewState":{"m_AlwaysRefresh":false,"showFog":true,"showSkybox":true,"showFlares":true,"showImageEffects":true,"showParticleSystems":true,"showVisualEffectGraphs":true,"m_FxEnabled":true},"in2DMode":false,"pivot":{"x":31.16122055053711,"y":7.559650897979736,"z":-1.8331298828125},"rotation":{"x":0.02789197489619255,"y":0.014993739314377308,"z":-0.0004174024797976017,"w":0.9995055198669434},"size":12.750090599060059,"orthographic":true}