{"cameraMode":{"drawMode":0,"name":"Shaded","section":"Shading Mode"},"sceneLighting":true,"audioPlay":false,"sceneViewState":{"m_AlwaysRefresh":false,"showFog":true,"showSkybox":true,"showFlares":true,"showImageEffects":true,"showParticleSystems":true,"showVisualEffectGraphs":true,"m_FxEnabled":true},"in2DMode":false,"pivot":{"x":10.984565734863282,"y":5.669926643371582,"z":-0.8120326995849609},"rotation":{"x":0.07470525801181793,"y":0.6243894100189209,"z":-0.06006573513150215,"w":0.7752814888954163},"size":18.843822479248048,"orthographic":true}