{"cameraMode":{"drawMode":0,"name":"Shaded","section":"Shading Mode"},"sceneLighting":true,"audioPlay":false,"sceneViewState":{"m_AlwaysRefresh":false,"showFog":true,"showSkybox":true,"showFlares":true,"showImageEffects":true,"showParticleSystems":true,"showVisualEffectGraphs":true,"m_FxEnabled":true},"in2DMode":false,"pivot":{"x":18.80411720275879,"y":4.5798187255859379,"z":-5.471303462982178},"rotation":{"x":0.01948804222047329,"y":-0.03298822045326233,"z":0.0006386391469277442,"w":0.9992724061012268},"size":13.11709976196289,"orthographic":true}